Well,Sample,T7,singleColony,imaging,Target,Conc(copies/µL),Status,Experiment,SampleType,TargetType,Supermix,DyeName(s),Copies/20µLWell,TotalConfMax,TotalConfMin,PoissonConfMax,PoissonConfMin,Accepted Droplets,Positives,Negatives,Ch1+Ch2+,Ch1+Ch2-,Ch1-Ch2+,Ch1-Ch2-,Linkage,CNV,TotalCNVMax,TotalCNVMin,PoissonCNVMax,PoissonCNVMin,ReferenceCopies,UnknownCopies,Threshold1,Threshold2,Threshold3,ReferenceUsed,Ratio,TotalRatioMax,TotalRatioMin,PoissonRatioMax,PoissonRatioMin,Fractional Abundance,TotalFractionalAbundanceMax,TotalFractionalAbundanceMin,PoissonFractionalAbundanceMax,PoissonFractionalAbundanceMin,MeanAmplitudeOfPositives,MeanAmplitudeOfNegatives,MeanAmplitudeTotal,ExperimentComments,MergedWells,TotalConfidenceMax68,TotalConfidenceMin68,PoissonConfidenceMax68,PoissonConfidenceMin68,TotalCNVMax68,TotalCNVMin68,PoissonCNVMax68,PoissonCNVMin68,TotalRatioMax68,TotalRatioMin68,PoissonRatioMax68,PoissonRatioMin68,TotalFractionalAbundanceMax68,TotalFractionalAbundanceMin68,PoissonFractionalAbundanceMax68,PoissonFractionalAbundanceMin68
A01,#193,,1,0,HDR,1.75,OK,CNV,Unknown,Unknown,ddPCR Supermix for Probes (no dUTP),HEX,35.05,,,2.59,1.12,14781,22,14759,6,19,16,"14,740.00",0.48,2.64,,,4.17,1.11,3,,887.95,,,longREF,0.88,,,1.39,0.37,46.81,,,61.2,32.41,"1,370.19",738.11,739.05,,,,,2.15,1.41,,,3.41,1.87,,,1.14,0.62,,,54.08,39.53
A01,#193,,1,0,longREF,1.99,OK,CNV,Unknown,Reference,ddPCR Supermix for Probes (no dUTP),FAM,39.83,,,2.88,1.31,14781,25,14756,6,19,16,"14,740.00",0.48,,,,,,,,779.74,,,,,,,,,,,,,,"3,495.10",221.86,227.4,,,,,2.42,1.62,,,,,,,,,,,,
B01,#194,,,0,HDR,No Call,CHECK,CNV,Unknown,Unknown,ddPCR Supermix for Probes (no dUTP),HEX,,,,,,9613,0,9613,0,0,0,"9,613.00",0,,,,,,,,,,,,,,,,,,,,,,0,737.03,737.03,,,,,,,,,,,,,,,,,,
B01,#194,,,0,longREF,No Call,CHECK,CNV,Unknown,Reference,ddPCR Supermix for Probes (no dUTP),FAM,,,,,,9613,0,9613,0,0,0,"9,613.00",0,,,,,,,,,,,,,,,,,,,,,,0,228.63,228.63,,,,,,,,,,,,,,,,,,
C01,#195,,,0,HDR,No Call,CHECK,CNV,Unknown,Unknown,ddPCR Supermix for Probes (no dUTP),HEX,,,,,,9727,0,9727,0,0,0,"9,727.00",0,,,,,,,,,,,,,,,,,,,,,,0,727.05,727.05,,,,,,,,,,,,,,,,,,
C01,#195,,,0,longREF,No Call,CHECK,CNV,Unknown,Reference,ddPCR Supermix for Probes (no dUTP),FAM,,,,,,9727,0,9727,0,0,0,"9,727.00",0,,,,,,,,,,,,,,,,,,,,,,0,230.11,230.11,,,,,,,,,,,,,,,,,,
D01,#196,3,1,0,HDR,46.56,OK,CNV,Unknown,Unknown,ddPCR Supermix for Probes (no dUTP),HEX,931.21,,,50.96,42.18,11133,432,10701,216,388,216,"10,313.00",22.17,2.13,,,2.39,1.87,3,,978.15,,,longREF,0.71,,,0.8,0.62,41.5,,,44.5,38.5,"1,582.42",750.97,783.24,,,,,48.8,44.32,,,2.26,1.99,,,0.75,0.66,,,43.03,39.97
D01,#196,3,1,0,longREF,65.62,OK,CNV,Unknown,Reference,ddPCR Supermix for Probes (no dUTP),FAM,"1,312.48",,,70.87,60.4,11133,604,10529,216,388,216,"10,313.00",22.17,,,,,,,,922.33,,,,,,,,,,,,,,"3,602.63",239.91,422.35,,,,,68.3,62.96,,,,,,,,,,,,
E01,#197,2,1,0,HDR,No Call,CHECK,CNV,Unknown,Unknown,ddPCR Supermix for Probes (no dUTP),HEX,,,,,,13629,0,13629,0,0,0,"13,629.00",0,,,,,,,,,,,,,,,,,,,,,,0,662.99,662.99,,,,,,,,,,,,,,,,,,
E01,#197,2,1,0,longREF,No Call,CHECK,CNV,Unknown,Reference,ddPCR Supermix for Probes (no dUTP),FAM,,,,,,13629,0,13629,0,0,0,"13,629.00",0,,,,,,,,,,,,,,,,,,,,,,0,215.75,215.75,,,,,,,,,,,,,,,,,,
F01,#198,2,1,0,HDR,100.52,OK,CNV,Unknown,Unknown,ddPCR Supermix for Probes (no dUTP),HEX,"2,010.45",,,106.52,94.56,13273,1087,12186,0,"7,618.00","1,087.00","4,568.00",0,0.3,,,0.32,0.28,3,,,,,longREF,0.1,,,0.11,0.09,9.1,,,9.63,8.57,"1,303.02",894.02,927.52,,,,,103.58,97.48,,,0.31,0.29,,,0.1,0.1,,,9.37,8.83
F01,#198,2,1,0,longREF,"1,003.76",OK,CNV,Unknown,Reference,ddPCR Supermix for Probes (no dUTP),FAM,"20,075.10",,,"1,027.22",980.75,13273,7618,5655,0,"7,618.00","1,087.00","4,568.00",0,,,,,,,,,,,,,,,,,,,,,,"2,519.49",238.46,"1,547.65",,,,,"1,015.67",991.96,,,,,,,,,,,,
G01,#199,3,1,0,HDR,210.19,OK,CNV,Unknown,Unknown,ddPCR Supermix for Probes (no dUTP),HEX,"4,203.74",,,218.87,201.57,13899,2274,11625,"1,062.00","1,263.00","1,212.00","10,362.00",80.05,2.93,,,3.1,2.76,3,,951,,,longREF,0.98,,,1.03,0.92,49.39,,,50.84,47.95,"1,456.68",735.28,853.31,,,,,214.61,205.78,,,3.01,2.84,,,1,0.95,,,50.13,48.65
G01,#199,3,1,0,longREF,215.36,OK,CNV,Unknown,Reference,ddPCR Supermix for Probes (no dUTP),FAM,"4,307.19",,,224.16,206.63,13899,2325,11574,"1,062.00","1,263.00","1,212.00","10,362.00",80.05,,,,,,,,862.98,,,,,,,,,,,,,,"3,210.78",233.33,731.39,,,,,219.84,210.9,,,,,,,,,,,,
H01,#200,3,1,0,HDR,No Call,CHECK,CNV,Unknown,Unknown,ddPCR Supermix for Probes (no dUTP),HEX,,,,,,13852,0,13852,0,"9,663.00",0,"4,189.00",0,,,,,,,,,,,,,,,,,,,,,,0,819.54,819.54,,,,,,,,,,,,,,,,,,
H01,#200,3,1,0,longREF,"1,407.02",OK,CNV,Unknown,Reference,ddPCR Supermix for Probes (no dUTP),FAM,"28,140.41",,,"1,437.16","1,377.63",13852,9663,4189,0,"9,663.00",0,"4,189.00",0,,,,,,,,"1,261.09",,,,,,,,,,,,,,"1,928.18",481.58,"1,490.71",,,,,"1,422.30","1,391.94",,,,,,,,,,,,
A02,#201,3,1,0,HDR,8.52,OK,CNV,Unknown,Unknown,ddPCR Supermix for Probes (no dUTP),HEX,170.36,,,10.61,6.73,10396,75,10321,43,53,32,"10,268.00",4.86,2.34,,,3.05,1.63,3,,"1,263.25",,,longREF,0.78,,,1.02,0.54,43.83,,,51.32,36.35,"1,478.00","1,080.60","1,083.47",,,,,9.54,7.57,,,2.7,1.98,,,0.9,0.66,,,47.63,40.04
A02,#201,3,1,0,longREF,10.91,OK,CNV,Unknown,Reference,ddPCR Supermix for Probes (no dUTP),FAM,218.29,,,13.26,8.86,10396,96,10300,43,53,32,"10,268.00",4.86,,,,,,,,696.22,,,,,,,,,,,,,,"1,701.28",330.44,343.1,,,,,12.07,9.84,,,,,,,,,,,,
B02,#202,3,1,0,HDR,No Call,CHECK,CNV,Unknown,Unknown,ddPCR Supermix for Probes (no dUTP),HEX,,,,,,11563,0,11563,0,0,0,"11,563.00",0,,,,,,,,,,,,,,,,,,,,,,0,735.6,735.6,,,,,,,,,,,,,,,,,,
B02,#202,3,1,0,longREF,No Call,CHECK,CNV,Unknown,Reference,ddPCR Supermix for Probes (no dUTP),FAM,,,,,,11563,0,11563,0,0,0,"11,563.00",0,,,,,,,,,,,,,,,,,,,,,,0,230.74,230.74,,,,,,,,,,,,,,,,,,
C02,#203,1,1,1,HDR,No Call,CHECK,CNV,Unknown,Unknown,ddPCR Supermix for Probes (no dUTP),HEX,,,,,,12559,0,12559,0,0,0,"12,559.00",0,,,,,,,,,,,,,,,,,,,,,,0,919.31,919.31,,,,,,,,,,,,,,,,,,
C02,#203,1,1,1,longREF,No Call,CHECK,CNV,Unknown,Reference,ddPCR Supermix for Probes (no dUTP),FAM,,,,,,12559,0,12559,0,0,0,"12,559.00",0,,,,,,,,,,,,,,,,,,,,,,0,289.17,289.17,,,,,,,,,,,,,,,,,,
D02,#204,1,1,1,HDR,No Call,CHECK,CNV,Unknown,Unknown,ddPCR Supermix for Probes (no dUTP),HEX,,,,,,13960,0,13960,0,0,0,"13,960.00",0,,,,,,,,,,,,,,,,,,,,,,0,801.72,801.72,,,,,,,,,,,,,,,,,,
D02,#204,1,1,1,longREF,No Call,CHECK,CNV,Unknown,Reference,ddPCR Supermix for Probes (no dUTP),FAM,,,,,,13960,0,13960,0,0,0,"13,960.00",0,,,,,,,,,,,,,,,,,,,,,,0,256.35,256.35,,,,,,,,,,,,,,,,,,
E02,#205,1,1,1,HDR,No Call,CHECK,CNV,Unknown,Unknown,ddPCR Supermix for Probes (no dUTP),HEX,,,,,,11252,0,11252,0,0,0,"11,252.00",0,,,,,,,,,,,,,,,,,,,,,,0,710.6,710.6,,,,,,,,,,,,,,,,,,
E02,#205,1,1,1,longREF,No Call,CHECK,CNV,Unknown,Reference,ddPCR Supermix for Probes (no dUTP),FAM,,,,,,11252,0,11252,0,0,0,"11,252.00",0,,,,,,,,,,,,,,,,,,,,,,0,230.78,230.78,,,,,,,,,,,,,,,,,,
F02,#206,,,0,HDR,No Call,CHECK,CNV,Unknown,Unknown,ddPCR Supermix for Probes (no dUTP),HEX,,,,,,14944,0,14944,0,0,0,"14,944.00",0,,,,,,,,,,,,,,,,,,,,,,0,753.44,753.44,,,,,,,,,,,,,,,,,,
F02,#206,,,0,longREF,No Call,CHECK,CNV,Unknown,Reference,ddPCR Supermix for Probes (no dUTP),FAM,,,,,,14944,0,14944,0,0,0,"14,944.00",0,,,,,,,,,,,,,,,,,,,,,,0,238.49,238.49,,,,,,,,,,,,,,,,,,
G02,#207,3,1,0,HDR,No Call,CHECK,CNV,Unknown,Unknown,ddPCR Supermix for Probes (no dUTP),HEX,,,,,,10796,0,10796,0,528,0,"10,268.00",0,,,,,,,,,,,,,,,,,,,,,,0,"1,149.09","1,149.09",,,,,,,,,,,,,,,,,,
G02,#207,3,1,0,longREF,58.99,OK,CNV,Unknown,Reference,ddPCR Supermix for Probes (no dUTP),FAM,"1,179.85",,,64.04,53.97,10796,528,10268,0,528,0,"10,268.00",0,,,,,,,,780.26,,,,,,,,,,,,,,"1,582.82",369.2,428.56,,,,,61.56,56.43,,,,,,,,,,,,
H02,#208,1,1,1,HDR,4.91,OK,CNV,Unknown,Unknown,ddPCR Supermix for Probes (no dUTP),HEX,98.26,,,6.27,3.77,14398,60,14338,0,113,60,"14,225.00",0,1.59,,,2.09,1.09,3,,,,,longREF,0.53,,,0.7,0.36,34.64,,,41.75,27.53,"1,761.04",777.64,781.74,,,,,5.57,4.31,,,1.84,1.34,,,0.61,0.45,,,38.25,31.03
H02,#208,1,1,1,longREF,9.27,OK,CNV,Unknown,Reference,ddPCR Supermix for Probes (no dUTP),FAM,185.39,,,10.98,7.56,14398,113,14285,0,113,60,"14,225.00",0,,,,,,,,,,,,,,,,,,,,,,"3,582.29",245.79,271.97,,,,,10.14,8.4,,,,,,,,,,,,
A03,#209,,1,0,HDR,No Call,CHECK,CNV,Unknown,Unknown,ddPCR Supermix for Probes (no dUTP),HEX,,,,,,14600,0,14600,0,0,0,"14,600.00",0,,,,,,,,,,,,,,,,,,,,,,0,785.56,785.56,,,,,,,,,,,,,,,,,,
A03,#209,,1,0,longREF,No Call,CHECK,CNV,Unknown,Reference,ddPCR Supermix for Probes (no dUTP),FAM,,,,,,14600,0,14600,0,0,0,"14,600.00",0,,,,,,,,,,,,,,,,,,,,,,0,237.06,237.06,,,,,,,,,,,,,,,,,,
B03,#210,1,1,1,HDR,108.02,OK,CNV,Unknown,Unknown,ddPCR Supermix for Probes (no dUTP),HEX,"2,160.40",,,114.53,101.54,12117,1063,11054,626,456,437,"10,598.00",60.48,2.94,,,3.19,2.7,3,,939.23,,,longREF,0.98,,,1.06,0.9,49.54,,,51.65,47.42,"1,411.17",741.63,800.37,,,,,111.34,104.71,,,3.07,2.82,,,1.02,0.94,,,50.62,48.46
B03,#210,1,1,1,longREF,110.04,OK,CNV,Unknown,Reference,ddPCR Supermix for Probes (no dUTP),FAM,"2,200.88",,,116.62,103.5,12117,1082,11035,626,456,437,"10,598.00",60.48,,,,,,,,817.95,,,,,,,,,,,,,,"3,063.12",230.19,483.16,,,,,113.4,106.7,,,,,,,,,,,,
C03,#211,,,0,HDR,No Call,CHECK,CNV,Unknown,Unknown,ddPCR Supermix for Probes (no dUTP),HEX,,,,,,14770,0,14770,0,0,0,"14,770.00",0,,,,,,,,,,,,,,,,,,,,,,0,725.73,725.73,,,,,,,,,,,,,,,,,,
C03,#211,,,0,longREF,No Call,CHECK,CNV,Unknown,Reference,ddPCR Supermix for Probes (no dUTP),FAM,,,,,,14770,0,14770,0,0,0,"14,770.00",0,,,,,,,,,,,,,,,,,,,,,,0,226.33,226.33,,,,,,,,,,,,,,,,,,
D03,#212,,,0,HDR,No Call,CHECK,CNV,Unknown,Unknown,ddPCR Supermix for Probes (no dUTP),HEX,,,,,,13857,0,13857,0,4,0,"13,853.00",0,,,,,,,,,,,,,,,,,,,,,,0,734.19,734.19,,,,,,,,,,,,,,,,,,
D03,#212,,,0,longREF,0.34,OK,CNV,Unknown,Reference,ddPCR Supermix for Probes (no dUTP),FAM,6.79,,,0.8,0.1,13857,4,13853,0,4,0,"13,853.00",0,,,,,,,,326.87,,,,,,,,,,,,,,"1,245.16",231.4,231.69,,,,,0.54,0.2,,,,,,,,,,,,
E03,#213,3,1,0,HDR,No Call,CHECK,CNV,Unknown,Unknown,ddPCR Supermix for Probes (no dUTP),HEX,,,,,,13914,0,13914,0,"8,653.00",0,"5,261.00",0,,,,,,,,,,,,,,,,,,,,,,0,887.1,887.1,,,,,,,,,,,,,,,,,,
E03,#213,3,1,0,longREF,"1,144.21",OK,CNV,Unknown,Reference,ddPCR Supermix for Probes (no dUTP),FAM,"22,884.10",,,"1,169.55","1,119.40",13914,8653,5261,0,"8,653.00",0,"5,261.00",0,,,,,,,,"1,094.87",,,,,,,,,,,,,,"1,674.13",446.35,"1,209.90",,,,,"1,157.07","1,131.48",,,,,,,,,,,,
F03,#214,3,1,0,HDR,No Call,CHECK,CNV,Unknown,Unknown,ddPCR Supermix for Probes (no dUTP),HEX,,,,,,12235,0,12235,0,0,0,"12,235.00",0,,,,,,,,,,,,,,,,,,,,,,0,644.09,644.09,,,,,,,,,,,,,,,,,,
F03,#214,3,1,0,longREF,No Call,CHECK,CNV,Unknown,Reference,ddPCR Supermix for Probes (no dUTP),FAM,,,,,,12235,0,12235,0,0,0,"12,235.00",0,,,,,,,,,,,,,,,,,,,,,,0,208.64,208.64,,,,,,,,,,,,,,,,,,
G03,#215,,1,0,HDR,No Call,CHECK,CNV,Unknown,Unknown,ddPCR Supermix for Probes (no dUTP),HEX,,,,,,15024,0,15024,0,12,0,"15,012.00",0,,,,,,,,,,,,,,,,,,,,,,0,793.29,793.29,,,,,,,,,,,,,,,,,,
G03,#215,,1,0,longREF,0.94,OK,CNV,Unknown,Reference,ddPCR Supermix for Probes (no dUTP),FAM,18.8,,,1.58,0.5,15024,12,15012,0,12,0,"15,012.00",0,,,,,,,,337.07,,,,,,,,,,,,,,498.7,249.98,250.18,,,,,1.24,0.69,,,,,,,,,,,,
H03,#216,3,1,0,HDR,52.46,OK,CNV,Unknown,Unknown,ddPCR Supermix for Probes (no dUTP),HEX,"1,049.26",,,56.36,48.58,16027,699,15328,351,637,348,"14,691.00",24.92,2.1,,,2.31,1.9,3,,916.79,,,longREF,0.7,,,0.77,0.63,41.21,,,43.55,38.86,"1,461.99",706.84,739.78,,,,,54.45,50.48,,,2.21,2,,,0.74,0.67,,,42.4,40.01
H03,#216,3,1,0,longREF,74.86,OK,CNV,Unknown,Reference,ddPCR Supermix for Probes (no dUTP),FAM,"1,497.13",,,79.53,70.2,16027,988,15039,351,637,348,"14,691.00",24.92,,,,,,,,855.66,,,,,,,,,,,,,,"3,328.67",225.86,417.13,,,,,77.24,72.48,,,,,,,,,,,,
A04,#217,3,1,0,HDR,90.4,OK,CNV,Unknown,Unknown,ddPCR Supermix for Probes (no dUTP),HEX,"1,808.05",,,95.49,85.33,16454,1217,15237,655,"1,295.00",562,"13,942.00",43.91,1.83,,,1.96,1.7,3,,"1,019.78",,,longREF,0.61,,,0.65,0.57,37.86,,,39.54,36.17,"1,626.70",784.8,847.07,,,,,93,87.81,,,1.89,1.76,,,0.63,0.59,,,38.72,37
A04,#217,3,1,0,longREF,148.4,OK,CNV,Unknown,Reference,ddPCR Supermix for Probes (no dUTP),FAM,"2,968.10",,,155.01,141.83,16454,1950,14504,655,"1,295.00",562,"13,942.00",43.91,,,,,,,,949.45,,,,,,,,,,,,,,"3,695.82",240.12,649.67,,,,,151.77,145.05,,,,,,,,,,,,
B04,#218,3,1,0,HDR,No Call,CHECK,CNV,Unknown,Unknown,ddPCR Supermix for Probes (no dUTP),HEX,,,,,,14089,0,14089,0,0,0,"14,089.00",0,,,,,,,,,,,,,,,,,,,,,,0,716.73,716.73,,,,,,,,,,,,,,,,,,
B04,#218,3,1,0,longREF,No Call,CHECK,CNV,Unknown,Reference,ddPCR Supermix for Probes (no dUTP),FAM,,,,,,14089,0,14089,0,0,0,"14,089.00",0,,,,,,,,,,,,,,,,,,,,,,0,224.94,224.94,,,,,,,,,,,,,,,,,,
C04,#219,1,1,1,HDR,91.8,OK,CNV,Unknown,Unknown,ddPCR Supermix for Probes (no dUTP),HEX,"1,836.00",,,97.41,86.22,13775,1034,12741,509,527,525,"12,214.00",42.29,2.99,,,3.25,2.74,3,,955.82,,,longREF,1,,,1.08,0.91,49.95,,,52.1,47.8,"1,535.84",740.87,800.54,,,,,94.66,88.95,,,3.13,2.86,,,1.04,0.95,,,51.05,48.85
C04,#219,1,1,1,longREF,91.98,OK,CNV,Unknown,Reference,ddPCR Supermix for Probes (no dUTP),FAM,"1,839.70",,,97.6,86.4,13775,1036,12739,509,527,525,"12,214.00",42.29,,,,,,,,919.56,,,,,,,,,,,,,,"3,445.12",234.72,476.17,,,,,94.85,89.13,,,,,,,,,,,,
D04,#220,1,1,1,HDR,No Call,CHECK,CNV,Unknown,Unknown,ddPCR Supermix for Probes (no dUTP),HEX,,,,,,12654,0,12654,0,0,0,"12,654.00",0,,,,,,,,,,,,,,,,,,,,,,0,680.38,680.38,,,,,,,,,,,,,,,,,,
D04,#220,1,1,1,longREF,No Call,CHECK,CNV,Unknown,Reference,ddPCR Supermix for Probes (no dUTP),FAM,,,,,,12654,0,12654,0,0,0,"12,654.00",0,,,,,,,,,,,,,,,,,,,,,,0,219.9,219.9,,,,,,,,,,,,,,,,,,
E04,#221,1,1,1,HDR,No Call,CHECK,CNV,Unknown,Unknown,ddPCR Supermix for Probes (no dUTP),HEX,,,,,,13347,0,13347,0,286,0,"13,061.00",0,,,,,,,,,,,,,,,,,,,,,,0,"1,103.85","1,103.85",,,,,,,,,,,,,,,,,,
E04,#221,1,1,1,longREF,25.48,OK,CNV,Unknown,Reference,ddPCR Supermix for Probes (no dUTP),FAM,509.67,,,28.44,22.53,13347,286,13061,0,286,0,"13,061.00",0,,,,,,,,682.39,,,,,,,,,,,,,,"1,611.99",349.9,376.94,,,,,26.99,23.98,,,,,,,,,,,,
F04,#222,1,1,1,HDR,107.66,OK,CNV,Unknown,Unknown,ddPCR Supermix for Probes (no dUTP),HEX,"2,153.24",,,113.64,101.72,14351,1255,13096,666,447,589,"12,649.00",54.12,3.4,,,3.68,3.13,3,,968.47,,,longREF,1.13,,,1.23,1.04,53.13,,,55.14,51.12,"1,490.29",761.95,825.64,,,,,110.71,104.63,,,3.54,3.26,,,1.18,1.09,,,54.16,52.11
F04,#222,1,1,1,longREF,94.97,OK,CNV,Unknown,Reference,ddPCR Supermix for Probes (no dUTP),FAM,"1,899.49",,,100.57,89.41,14351,1113,13238,666,447,589,"12,649.00",54.12,,,,,,,,884.09,,,,,,,,,,,,,,"3,206.79",244.29,474.04,,,,,97.83,92.13,,,,,,,,,,,,
G04,#223,1,1,0,HDR,14.65,OK,CNV,Unknown,Unknown,ddPCR Supermix for Probes (no dUTP),HEX,292.95,,,16.95,12.35,12608,156,12452,66,192,90,"12,260.00",6.04,1.81,,,2.17,1.45,3,,"1,040.53",,,longREF,0.6,,,0.72,0.48,37.58,,,42.25,32.92,"1,588.53",822.11,831.6,,,,,15.82,13.48,,,1.99,1.62,,,0.66,0.54,,,39.96,35.21
G04,#223,1,1,0,longREF,24.32,OK,CNV,Unknown,Reference,ddPCR Supermix for Probes (no dUTP),FAM,486.48,,,27.3,21.36,12608,258,12350,66,192,90,"12,260.00",6.04,,,,,,,,844.1,,,,,,,,,,,,,,"3,528.15",261.09,327.95,,,,,25.84,22.81,,,,,,,,,,,,
H04,#224,2,1,0,HDR,No Call,CHECK,CNV,Unknown,Unknown,ddPCR Supermix for Probes (no dUTP),HEX,,,,,,10543,0,10543,0,0,0,"10,543.00",0,,,,,,,,,,,,,,,,,,,,,,0,672.54,672.54,,,,,,,,,,,,,,,,,,
H04,#224,2,1,0,longREF,No Call,CHECK,CNV,Unknown,Reference,ddPCR Supermix for Probes (no dUTP),FAM,,,,,,10543,0,10543,0,0,0,"10,543.00",0,,,,,,,,,,,,,,,,,,,,,,0,219.14,219.14,,,,,,,,,,,,,,,,,,
A05,#225,,1,0,HDR,No Call,CHECK,CNV,Unknown,Unknown,ddPCR Supermix for Probes (no dUTP),HEX,,,,,,15284,0,15284,0,19,0,"15,265.00",0,,,,,,,,,,,,,,,,,,,,,,0,781.23,781.23,,,,,,,,,,,,,,,,,,
A05,#225,,1,0,longREF,1.46,OK,CNV,Unknown,Reference,ddPCR Supermix for Probes (no dUTP),FAM,29.27,,,2.23,0.9,15284,19,15265,0,19,0,"15,265.00",0,,,,,,,,310.28,,,,,,,,,,,,,,476.89,235.1,235.4,,,,,1.83,1.15,,,,,,,,,,,,
B05,#226,2,1,0,HDR,188.72,OK,CNV,Unknown,Unknown,ddPCR Supermix for Probes (no dUTP),HEX,"3,774.49",,,196.49,181.01,15451,2290,13161,"1,080.00","2,393.00","1,210.00","10,768.00",63.44,1.89,,,1.99,1.79,3,,973.43,,,longREF,0.63,,,0.66,0.6,38.65,,,39.91,37.4,"1,519.52",755.2,868.48,,,,,192.68,184.78,,,1.94,1.84,,,0.65,0.61,,,39.29,38.01
B05,#226,2,1,0,longREF,299.53,OK,CNV,Unknown,Reference,ddPCR Supermix for Probes (no dUTP),FAM,"5,990.64",,,309.56,289.59,15451,3473,11978,"1,080.00","2,393.00","1,210.00","10,768.00",63.44,,,,,,,,950.53,,,,,,,,,,,,,,"3,483.31",235.62,965.62,,,,,304.64,294.45,,,,,,,,,,,,
C05,#227,1,1,1,HDR,107.28,OK,CNV,Unknown,Unknown,ddPCR Supermix for Probes (no dUTP),HEX,"2,145.51",,,113.19,101.39,14584,1271,13313,865,368,406,"12,945.00",70.94,3.1,,,3.34,2.85,3,,866.37,,,longREF,1.03,,,1.11,0.95,50.79,,,52.75,48.84,"1,247.21",688.99,737.64,,,,,110.29,104.27,,,3.22,2.97,,,1.07,0.99,,,51.79,49.79
C05,#227,1,1,1,longREF,103.92,OK,CNV,Unknown,Reference,ddPCR Supermix for Probes (no dUTP),FAM,"2,078.44",,,109.74,98.13,14584,1233,13351,865,368,406,"12,945.00",70.94,,,,,,,,748.95,,,,,,,,,,,,,,"2,657.44",217.11,423.43,,,,,106.89,100.97,,,,,,,,,,,,
D05,#228,1,1,1,HDR,32.46,OK,CNV,Unknown,Unknown,ddPCR Supermix for Probes (no dUTP),HEX,649.23,,,35.68,29.25,14367,391,13976,233,134,158,"13,842.00",19.11,3.2,,,3.65,2.74,3,,931,,,longREF,1.07,,,1.22,0.91,51.6,,,55.16,48.05,"1,367.45",739.66,756.74,,,,,34.1,30.82,,,3.43,2.97,,,1.14,0.99,,,53.42,49.79
D05,#228,1,1,1,longREF,30.44,OK,CNV,Unknown,Reference,ddPCR Supermix for Probes (no dUTP),FAM,608.86,,,33.56,27.33,14367,367,14000,233,134,158,"13,842.00",19.11,,,,,,,,787.45,,,,,,,,,,,,,,"2,932.76",234.26,303.19,,,,,32.03,28.85,,,,,,,,,,,,
E05,#229,,1,0,HDR,No Call,CHECK,CNV,Unknown,Unknown,ddPCR Supermix for Probes (no dUTP),HEX,,,,,,15410,0,15410,0,17,0,"15,393.00",0,,,,,,,,,,,,,,,,,,,,,,0,734.89,734.89,,,,,,,,,,,,,,,,,,
E05,#229,,1,0,longREF,1.3,OK,CNV,Unknown,Reference,ddPCR Supermix for Probes (no dUTP),FAM,25.97,,,2.02,0.77,15410,17,15393,0,17,0,"15,393.00",0,,,,,,,,635.62,,,,,,,,,,,,,,"3,316.41",231.94,235.34,,,,,1.64,1.01,,,,,,,,,,,,
F05,#230,,1,0,HDR,No Call,CHECK,CNV,Unknown,Unknown,ddPCR Supermix for Probes (no dUTP),HEX,,,,,,14457,0,14457,0,0,0,"14,457.00",0,,,,,,,,,,,,,,,,,,,,,,0,741.91,741.91,,,,,,,,,,,,,,,,,,
F05,#230,,1,0,longREF,No Call,CHECK,CNV,Unknown,Reference,ddPCR Supermix for Probes (no dUTP),FAM,,,,,,14457,0,14457,0,0,0,"14,457.00",0,,,,,,,,,,,,,,,,,,,,,,0,233.99,233.99,,,,,,,,,,,,,,,,,,
G05,#231,1,1,1,HDR,319.26,OK,CNV,Unknown,Unknown,ddPCR Supermix for Probes (no dUTP),HEX,"6,385.17",,,329.75,308.86,15181,3608,11573,"2,071.00","1,544.00","1,537.00","10,029.00",151.51,2.99,,,3.13,2.85,3,,"1,012.46",,,longREF,1,,,1.04,0.95,49.94,,,51.1,48.79,"1,548.63",783.89,965.64,,,,,324.6,313.94,,,3.06,2.92,,,1.02,0.97,,,50.53,49.35
G05,#231,1,1,1,longREF,319.97,OK,CNV,Unknown,Reference,ddPCR Supermix for Probes (no dUTP),FAM,"6,399.41",,,330.48,309.55,15181,3615,11566,"2,071.00","1,544.00","1,537.00","10,029.00",151.51,,,,,,,,951.9,,,,,,,,,,,,,,"3,312.55",248.73,978.31,,,,,325.32,314.64,,,,,,,,,,,,
H05,#232,1,1,1,HDR,11.83,OK,CNV,Unknown,Unknown,ddPCR Supermix for Probes (no dUTP),HEX,236.67,,,14.03,9.64,11191,112,11079,55,69,57,"11,010.00",5.76,2.71,,,3.4,2.02,3,,986.91,,,longREF,0.9,,,1.13,0.67,47.44,,,53.82,41.07,"1,468.98",787.3,794.12,,,,,12.95,10.72,,,3.06,2.36,,,1.02,0.79,,,50.69,44.19
H05,#232,1,1,1,longREF,13.11,OK,CNV,Unknown,Reference,ddPCR Supermix for Probes (no dUTP),FAM,262.17,,,15.42,10.8,11191,124,11067,55,69,57,"11,010.00",5.76,,,,,,,,810.71,,,,,,,,,,,,,,"3,214.02",249.1,281.95,,,,,14.29,11.93,,,,,,,,,,,,
A06,#233,,,0,HDR,No Call,CHECK,CNV,Unknown,Unknown,ddPCR Supermix for Probes (no dUTP),HEX,,,,,,15719,0,15719,0,0,0,"15,719.00",0,,,,,,,,,,,,,,,,,,,,,,0,"1,073.48","1,073.48",,,,,,,,,,,,,,,,,,
A06,#233,,,0,longREF,No Call,CHECK,CNV,Unknown,Reference,ddPCR Supermix for Probes (no dUTP),FAM,,,,,,15719,0,15719,0,0,0,"15,719.00",0,,,,,,,,,,,,,,,,,,,,,,0,325.74,325.74,,,,,,,,,,,,,,,,,,
B06,#234,3,1,0,HDR,No Call,CHECK,CNV,Unknown,Unknown,ddPCR Supermix for Probes (no dUTP),HEX,,,,,,8967,1703,7264,818,"1,689.00",885,"5,575.00",74.45,,,,,,,,956.11,,,,,,,,,,,,,,"1,485.50",724.82,869.29,,,,,,,,,,,,,,,,,,
B06,#234,3,1,0,longREF,No Call,CHECK,CNV,Unknown,Reference,ddPCR Supermix for Probes (no dUTP),FAM,,,,,,8967,2507,6460,818,"1,689.00",885,"5,575.00",74.45,,,,,,,,970.55,,,,,,,,,,,,,,"3,512.47",230.14,"1,147.82",,,,,,,,,,,,,,,,,,
C06,#235,3,1,0,HDR,No Call,CHECK,CNV,Unknown,Unknown,ddPCR Supermix for Probes (no dUTP),HEX,,,,,,12736,0,12736,0,0,0,"12,736.00",0,,,,,,,,,,,,,,,,,,,,,,0,711.4,711.4,,,,,,,,,,,,,,,,,,
C06,#235,3,1,0,longREF,No Call,CHECK,CNV,Unknown,Reference,ddPCR Supermix for Probes (no dUTP),FAM,,,,,,12736,0,12736,0,0,0,"12,736.00",0,,,,,,,,,,,,,,,,,,,,,,0,229.35,229.35,,,,,,,,,,,,,,,,,,
D06,#236,1,1,1,HDR,3.54,OK,CNV,Unknown,Unknown,ddPCR Supermix for Probes (no dUTP),HEX,70.75,,,4.74,2.56,13656,41,13615,12,22,29,"13,593.00",1.03,3.62,,,5.27,1.96,3,,886.81,,,longREF,1.21,,,1.76,0.65,54.67,,,66.01,43.33,"1,323.52",748.84,750.56,,,,,4.12,3.01,,,4.46,2.78,,,1.49,0.93,,,60.42,48.93
D06,#236,1,1,1,longREF,2.93,OK,CNV,Unknown,Reference,ddPCR Supermix for Probes (no dUTP),FAM,58.66,,,4.04,2.05,13656,34,13622,12,22,29,"13,593.00",1.03,,,,,,,,684.43,,,,,,,,,,,,,,"3,256.39",236.49,244.01,,,,,3.46,2.46,,,,,,,,,,,,
E06,#237,1,1,1,HDR,42.34,OK,CNV,Unknown,Unknown,ddPCR Supermix for Probes (no dUTP),HEX,846.79,,,46.16,38.53,13381,473,12908,165,556,308,"12,352.00",13.36,1.95,,,2.18,1.72,3,,955.4,,,longREF,0.65,,,0.73,0.57,39.38,,,42.15,36.62,"1,436.88",755.12,779.21,,,,,44.29,40.39,,,2.06,1.83,,,0.69,0.61,,,40.8,37.97
E06,#237,1,1,1,longREF,65.16,OK,CNV,Unknown,Reference,ddPCR Supermix for Probes (no dUTP),FAM,"1,303.26",,,69.93,60.42,13381,721,12660,165,556,308,"12,352.00",13.36,,,,,,,,862.7,,,,,,,,,,,,,,"3,152.23",241.26,398.11,,,,,67.59,62.74,,,,,,,,,,,,
F06,#238,1,1,1,HDR,No Call,CHECK,CNV,Unknown,Unknown,ddPCR Supermix for Probes (no dUTP),HEX,,,,,,12859,0,12859,0,0,0,"12,859.00",0,,,,,,,,,,,,,,,,,,,,,,0,700.31,700.31,,,,,,,,,,,,,,,,,,
F06,#238,1,1,1,longREF,No Call,CHECK,CNV,Unknown,Reference,ddPCR Supermix for Probes (no dUTP),FAM,,,,,,12859,0,12859,0,0,0,"12,859.00",0,,,,,,,,,,,,,,,,,,,,,,0,225.9,225.9,,,,,,,,,,,,,,,,,,
G06,#239,3,1,0,HDR,No Call,CHECK,CNV,Unknown,Unknown,ddPCR Supermix for Probes (no dUTP),HEX,,,,,,12409,0,12409,0,0,0,"12,409.00",0,,,,,,,,,,,,,,,,,,,,,,0,726.41,726.41,,,,,,,,,,,,,,,,,,
G06,#239,3,1,0,longREF,No Call,CHECK,CNV,Unknown,Reference,ddPCR Supermix for Probes (no dUTP),FAM,,,,,,12409,0,12409,0,0,0,"12,409.00",0,,,,,,,,,,,,,,,,,,,,,,0,234.79,234.79,,,,,,,,,,,,,,,,,,
H06,#240,,,0,HDR,No Call,CHECK,CNV,Unknown,Unknown,ddPCR Supermix for Probes (no dUTP),HEX,,,,,,13565,0,13565,0,0,0,"13,565.00",0,,,,,,,,,,,,,,,,,,,,,,0,780.25,780.25,,,,,,,,,,,,,,,,,,
H06,#240,,,0,longREF,No Call,CHECK,CNV,Unknown,Reference,ddPCR Supermix for Probes (no dUTP),FAM,,,,,,13565,0,13565,0,0,0,"13,565.00",0,,,,,,,,,,,,,,,,,,,,,,0,246.39,246.39,,,,,,,,,,,,,,,,,,
A07,#241,,,0,HDR,No Call,CHECK,CNV,Unknown,Unknown,ddPCR Supermix for Probes (no dUTP),HEX,,,,,,11593,0,11593,0,0,0,"11,593.00",0,,,,,,,,,,,,,,,,,,,,,,0,734.95,734.95,,,,,,,,,,,,,,,,,,
A07,#241,,,0,longREF,No Call,CHECK,CNV,Unknown,Reference,ddPCR Supermix for Probes (no dUTP),FAM,,,,,,11593,0,11593,0,0,0,"11,593.00",0,,,,,,,,,,,,,,,,,,,,,,0,220.37,220.37,,,,,,,,,,,,,,,,,,
B07,#242,,,0,HDR,No Call,CHECK,CNV,Unknown,Unknown,ddPCR Supermix for Probes (no dUTP),HEX,,,,,,15049,0,15049,0,0,0,"15,049.00",0,,,,,,,,,,,,,,,,,,,,,,0,745.91,745.91,,,,,,,,,,,,,,,,,,
B07,#242,,,0,longREF,No Call,CHECK,CNV,Unknown,Reference,ddPCR Supermix for Probes (no dUTP),FAM,,,,,,15049,0,15049,0,0,0,"15,049.00",0,,,,,,,,,,,,,,,,,,,,,,0,231.08,231.08,,,,,,,,,,,,,,,,,,
C07,#243,3,1,0,HDR,No Call,CHECK,CNV,Unknown,Unknown,ddPCR Supermix for Probes (no dUTP),HEX,,,,,,12682,0,12682,0,0,0,"12,682.00",0,,,,,,,,,,,,,,,,,,,,,,0,682.62,682.62,,,,,,,,,,,,,,,,,,
C07,#243,3,1,0,longREF,No Call,CHECK,CNV,Unknown,Reference,ddPCR Supermix for Probes (no dUTP),FAM,,,,,,12682,0,12682,0,0,0,"12,682.00",0,,,,,,,,,,,,,,,,,,,,,,0,218.09,218.09,,,,,,,,,,,,,,,,,,
D07,#244,1,,0,HDR,87.25,OK,CNV,Unknown,Unknown,ddPCR Supermix for Probes (no dUTP),HEX,"1,745.05",,,93.05,81.48,12227,874,11353,412,526,462,"10,827.00",38.09,2.79,,,3.04,2.53,3,,960.79,,,longREF,0.93,,,1.01,0.84,48.16,,,50.47,45.86,"1,460.88",745.58,796.71,,,,,90.21,84.3,,,2.92,2.66,,,0.97,0.89,,,49.34,46.99
D07,#244,1,,0,longREF,93.9,OK,CNV,Unknown,Reference,ddPCR Supermix for Probes (no dUTP),FAM,"1,878.07",,,99.93,87.91,12227,938,11289,412,526,462,"10,827.00",38.09,,,,,,,,874.33,,,,,,,,,,,,,,"3,257.76",238.24,469.88,,,,,96.97,90.84,,,,,,,,,,,,
E07,#245,3,,0,HDR,No Call,CHECK,CNV,Unknown,Unknown,ddPCR Supermix for Probes (no dUTP),HEX,,,,,,14841,0,14841,0,0,0,"14,841.00",0,,,,,,,,,,,,,,,,,,,,,,0,675.18,675.18,,,,,,,,,,,,,,,,,,
E07,#245,3,,0,longREF,No Call,CHECK,CNV,Unknown,Reference,ddPCR Supermix for Probes (no dUTP),FAM,,,,,,14841,0,14841,0,0,0,"14,841.00",0,,,,,,,,,,,,,,,,,,,,,,0,218.55,218.55,,,,,,,,,,,,,,,,,,
F07,#246,3,1,0,HDR,No Call,CHECK,CNV,Unknown,Unknown,ddPCR Supermix for Probes (no dUTP),HEX,,,,,,12178,0,12178,0,0,0,"12,178.00",0,,,,,,,,,,,,,,,,,,,,,,0,664.78,664.78,,,,,,,,,,,,,,,,,,
F07,#246,3,1,0,longREF,No Call,CHECK,CNV,Unknown,Reference,ddPCR Supermix for Probes (no dUTP),FAM,,,,,,12178,0,12178,0,0,0,"12,178.00",0,,,,,,,,,,,,,,,,,,,,,,0,216.11,216.11,,,,,,,,,,,,,,,,,,
G07,#247,1,1,1,HDR,18.03,OK,CNV,Unknown,Unknown,ddPCR Supermix for Probes (no dUTP),HEX,360.59,,,20.37,15.69,14992,228,14764,79,107,149,"14,657.00",6.13,3.68,,,4.4,2.97,3,,957.45,,,longREF,1.23,,,1.47,0.99,55.11,,,59.9,50.32,"1,449.84",754.47,765.05,,,,,19.22,16.84,,,4.05,3.32,,,1.35,1.11,,,57.55,52.66
G07,#247,1,1,1,longREF,14.69,OK,CNV,Unknown,Reference,ddPCR Supermix for Probes (no dUTP),FAM,293.75,,,16.8,12.58,14992,186,14806,79,107,149,"14,657.00",6.13,,,,,,,,787.24,,,,,,,,,,,,,,"2,993.01",239.74,273.9,,,,,15.76,13.61,,,,,,,,,,,,
H07,#248,1,1,1,HDR,No Call,CHECK,CNV,Unknown,Unknown,ddPCR Supermix for Probes (no dUTP),HEX,,,,,,14129,0,14129,0,0,0,"14,129.00",0,,,,,,,,,,,,,,,,,,,,,,0,679.01,679.01,,,,,,,,,,,,,,,,,,
H07,#248,1,1,1,longREF,No Call,CHECK,CNV,Unknown,Reference,ddPCR Supermix for Probes (no dUTP),FAM,,,,,,14129,0,14129,0,0,0,"14,129.00",0,,,,,,,,,,,,,,,,,,,,,,0,218.97,218.97,,,,,,,,,,,,,,,,,,
A08,#249,,,0,HDR,No Call,CHECK,CNV,Unknown,Unknown,ddPCR Supermix for Probes (no dUTP),HEX,,,,,,14747,0,14747,0,0,0,"14,747.00",0,,,,,,,,,,,,,,,,,,,,,,0,"1,055.45","1,055.45",,,,,,,,,,,,,,,,,,
A08,#249,,,0,longREF,No Call,CHECK,CNV,Unknown,Reference,ddPCR Supermix for Probes (no dUTP),FAM,,,,,,14747,0,14747,0,0,0,"14,747.00",0,,,,,,,,,,,,,,,,,,,,,,0,321.39,321.39,,,,,,,,,,,,,,,,,,
B08,#250,1,,0,HDR,6.29,OK,CNV,Unknown,Unknown,ddPCR Supermix for Probes (no dUTP),HEX,125.73,,,7.78,5,14824,79,14745,11,124,68,"14,621.00",0.83,1.75,,,2.24,1.26,3,,929.62,,,longREF,0.58,,,0.75,0.42,36.87,,,43.36,30.39,"1,670.06",780.04,784.78,,,,,7.02,5.61,,,2,1.5,,,0.67,0.5,,,40.17,33.58
B08,#250,1,,0,longREF,10.76,OK,CNV,Unknown,Reference,ddPCR Supermix for Probes (no dUTP),FAM,215.26,,,12.58,8.95,14824,135,14689,11,124,68,"14,621.00",0.83,,,,,,,,818.3,,,,,,,,,,,,,,"3,611.41",242.62,273.3,,,,,11.69,9.84,,,,,,,,,,,,
C08,#251,1,1,1,HDR,159.83,OK,CNV,Unknown,Unknown,ddPCR Supermix for Probes (no dUTP),HEX,"3,196.53",,,167.51,152.19,13186,1675,11511,998,793,677,"10,718.00",87.77,2.79,,,2.98,2.61,3,,942.85,,,longREF,0.93,,,0.99,0.87,48.2,,,49.87,46.54,"1,475.43",696.77,795.68,,,,,163.74,155.92,,,2.89,2.7,,,0.96,0.9,,,49.05,47.35
C08,#251,1,1,1,longREF,171.74,OK,CNV,Unknown,Reference,ddPCR Supermix for Probes (no dUTP),FAM,"3,434.85",,,179.73,163.81,13186,1791,11395,998,793,677,"10,718.00",87.77,,,,,,,,886.57,,,,,,,,,,,,,,"3,324.11",220.54,642.08,,,,,175.81,167.69,,,,,,,,,,,,
D08,#252,,1,0,HDR,No Call,CHECK,CNV,Unknown,Unknown,ddPCR Supermix for Probes (no dUTP),HEX,,,,,,16629,0,16629,0,0,0,"16,629.00",0,,,,,,,,,,,,,,,,,,,,,,0,746.66,746.66,,,,,,,,,,,,,,,,,,
D08,#252,,1,0,longREF,No Call,CHECK,CNV,Unknown,Reference,ddPCR Supermix for Probes (no dUTP),FAM,,,,,,16629,0,16629,0,0,0,"16,629.00",0,,,,,,,,,,,,,,,,,,,,,,0,231.93,231.93,,,,,,,,,,,,,,,,,,
E08,#253,2,1,0,HDR,96.91,OK,CNV,Unknown,Unknown,ddPCR Supermix for Probes (no dUTP),HEX,"1,938.20",,,102.4,91.44,15214,1203,14011,577,"1,077.00",626,"12,934.00",41.3,2.15,,,2.31,1.99,3,,999.64,,,longREF,0.72,,,0.77,0.66,41.72,,,43.52,39.91,"1,589.80",763.06,828.43,,,,,99.71,94.12,,,2.23,2.07,,,0.74,0.69,,,42.64,40.79
E08,#253,2,1,0,longREF,135.4,OK,CNV,Unknown,Reference,ddPCR Supermix for Probes (no dUTP),FAM,"2,708.04",,,141.95,128.89,15214,1654,13560,577,"1,077.00",626,"12,934.00",41.3,,,,,,,,882.19,,,,,,,,,,,,,,"3,559.14",240.59,601.37,,,,,138.74,132.08,,,,,,,,,,,,
F08,#254,1,1,1,HDR,No Call,CHECK,CNV,Unknown,Unknown,ddPCR Supermix for Probes (no dUTP),HEX,,,,,,13348,0,13348,0,0,0,"13,348.00",0,,,,,,,,,,,,,,,,,,,,,,0,685.88,685.88,,,,,,,,,,,,,,,,,,
F08,#254,1,1,1,longREF,No Call,CHECK,CNV,Unknown,Reference,ddPCR Supermix for Probes (no dUTP),FAM,,,,,,13348,0,13348,0,0,0,"13,348.00",0,,,,,,,,,,,,,,,,,,,,,,0,223.87,223.87,,,,,,,,,,,,,,,,,,
G08,#255,3,1,0,HDR,2.32,OK,CNV,Unknown,Unknown,ddPCR Supermix for Probes (no dUTP),HEX,46.48,,,3.3,1.56,14189,28,14161,5,86,23,"14,075.00",0.4,0.92,,,1.31,0.53,3,,940.87,,,longREF,0.31,,,0.44,0.18,23.49,,,31.16,15.82,"1,332.13",777.25,778.34,,,,,2.79,1.91,,,1.12,0.72,,,0.37,0.24,,,27.37,19.61
G08,#255,3,1,0,longREF,7.57,OK,CNV,Unknown,Reference,ddPCR Supermix for Probes (no dUTP),FAM,151.39,,,9.24,6.11,14189,91,14098,5,86,23,"14,075.00",0.4,,,,,,,,849.11,,,,,,,,,,,,,,"3,418.31",245,265.36,,,,,8.39,6.8,,,,,,,,,,,,
H08,#256,,,0,HDR,0.7,OK,CNV,Unknown,Unknown,ddPCR Supermix for Probes (no dUTP),HEX,14.09,,,1.28,0.34,15036,9,15027,2,6,7,"15,021.00",0.16,3.38,,,6.66,0.09,3,,860.97,,,longREF,1.13,,,2.22,0.03,52.94,,,77.22,28.66,"1,043.85",730.48,730.67,,,,,0.97,0.49,,,5.03,1.72,,,1.68,0.57,,,65.14,40.74
H08,#256,,,0,longREF,0.63,OK,CNV,Unknown,Reference,ddPCR Supermix for Probes (no dUTP),FAM,12.52,,,1.17,0.28,15036,8,15028,2,6,7,"15,021.00",0.16,,,,,,,,318.38,,,,,,,,,,,,,,"2,499.13",229.03,230.24,,,,,0.88,0.43,,,,,,,,,,,,
A09,#257,,,0,HDR,No Call,CHECK,CNV,Unknown,Unknown,ddPCR Supermix for Probes (no dUTP),HEX,,,,,,13938,0,13938,0,0,0,"13,938.00",0,,,,,,,,,,,,,,,,,,,,,,0,728.64,728.64,,,,,,,,,,,,,,,,,,
A09,#257,,,0,longREF,No Call,CHECK,CNV,Unknown,Reference,ddPCR Supermix for Probes (no dUTP),FAM,,,,,,13938,0,13938,0,0,0,"13,938.00",0,,,,,,,,,,,,,,,,,,,,,,0,221.29,221.29,,,,,,,,,,,,,,,,,,
B09,#258,1,1,1,HDR,178.33,OK,CNV,Unknown,Unknown,ddPCR Supermix for Probes (no dUTP),HEX,"3,566.57",,,185.82,170.88,15599,2194,13405,"1,066.00","1,359.00","1,128.00","12,046.00",73.02,2.69,,,2.85,2.54,3,,978.43,,,longREF,0.9,,,0.95,0.85,47.29,,,48.73,45.85,"1,601.94",743.16,863.94,,,,,182.15,174.52,,,2.77,2.61,,,0.92,0.87,,,48.02,46.55
B09,#258,1,1,1,longREF,198.78,OK,CNV,Unknown,Reference,ddPCR Supermix for Probes (no dUTP),FAM,"3,975.57",,,206.73,190.88,15599,2425,13174,"1,066.00","1,359.00","1,128.00","12,046.00",73.02,,,,,,,,920.12,,,,,,,,,,,,,,"3,655.30",233.94,765.82,,,,,202.83,194.74,,,,,,,,,,,,
C09,#259,,,0,HDR,No Call,CHECK,CNV,Unknown,Unknown,ddPCR Supermix for Probes (no dUTP),HEX,,,,,,17519,0,17519,0,0,0,"17,519.00",0,,,,,,,,,,,,,,,,,,,,,,0,710.2,710.2,,,,,,,,,,,,,,,,,,
C09,#259,,,0,longREF,No Call,CHECK,CNV,Unknown,Reference,ddPCR Supermix for Probes (no dUTP),FAM,,,,,,17519,0,17519,0,0,0,"17,519.00",0,,,,,,,,,,,,,,,,,,,,,,0,211.41,211.41,,,,,,,,,,,,,,,,,,
D09,#260,1,,0,HDR,30.94,OK,CNV,Unknown,Unknown,ddPCR Supermix for Probes (no dUTP),HEX,618.76,,,34.12,27.77,14063,365,13698,137,657,228,"13,041.00",10.55,1.36,,,1.53,1.19,3,,961.12,,,longREF,0.45,,,0.51,0.4,31.15,,,33.81,28.49,"1,511.67",745.91,765.79,,,,,32.56,29.32,,,1.44,1.27,,,0.48,0.42,,,32.51,29.8
D09,#260,1,,0,longREF,68.37,OK,CNV,Unknown,Reference,ddPCR Supermix for Probes (no dUTP),FAM,"1,367.45",,,73.14,63.63,14063,794,13269,137,657,228,"13,041.00",10.55,,,,,,,,901.04,,,,,,,,,,,,,,"3,411.53",238.15,417.32,,,,,70.8,65.95,,,,,,,,,,,,
E09,#261,1,1,1,HDR,No Call,CHECK,CNV,Unknown,Unknown,ddPCR Supermix for Probes (no dUTP),HEX,,,,,,12984,0,12984,0,0,0,"12,984.00",0,,,,,,,,,,,,,,,,,,,,,,0,688.81,688.81,,,,,,,,,,,,,,,,,,
E09,#261,1,1,1,longREF,No Call,CHECK,CNV,Unknown,Reference,ddPCR Supermix for Probes (no dUTP),FAM,,,,,,12984,0,12984,0,0,0,"12,984.00",0,,,,,,,,,,,,,,,,,,,,,,0,223.32,223.32,,,,,,,,,,,,,,,,,,
F09,#262,2,1,0,HDR,12.35,OK,CNV,Unknown,Unknown,ddPCR Supermix for Probes (no dUTP),HEX,246.91,,,14.34,10.36,14178,148,14030,59,184,89,"13,846.00",4.81,1.82,,,2.19,1.45,3,,940.16,,,longREF,0.61,,,0.73,0.48,37.77,,,42.58,32.97,"1,534.74",769.74,777.73,,,,,13.36,11.33,,,2.01,1.63,,,0.67,0.54,,,40.22,35.32
F09,#262,2,1,0,longREF,20.34,OK,CNV,Unknown,Reference,ddPCR Supermix for Probes (no dUTP),FAM,406.77,,,22.9,17.78,14178,243,13935,59,184,89,"13,846.00",4.81,,,,,,,,817.04,,,,,,,,,,,,,,"3,451.07",244.28,299.24,,,,,21.64,19.03,,,,,,,,,,,,
G09,#263,1,1,0,HDR,305.14,OK,CNV,Unknown,Unknown,ddPCR Supermix for Probes (no dUTP),HEX,"6,102.82",,,315.45,294.92,14939,3413,11526,"2,188.00","1,290.00","1,225.00","10,236.00",172.15,2.94,,,3.08,2.8,3,,"1,032.49",,,longREF,0.98,,,1.03,0.93,49.46,,,50.64,48.28,"1,556.13",774.22,952.85,,,,,310.39,299.91,,,3.01,2.87,,,1,0.96,,,50.06,48.86
G09,#263,1,1,0,longREF,311.79,OK,CNV,Unknown,Reference,ddPCR Supermix for Probes (no dUTP),FAM,"6,235.89",,,322.23,301.45,14939,3478,11461,"2,188.00","1,290.00","1,225.00","10,236.00",172.15,,,,,,,,925.24,,,,,,,,,,,,,,"3,378.67",245.82,975.19,,,,,317.11,306.5,,,,,,,,,,,,
H09,#264,,1,0,HDR,1.36,OK,CNV,Unknown,Unknown,ddPCR Supermix for Probes (no dUTP),HEX,27.28,,,2.12,0.81,14673,17,14656,2,13,15,"14,643.00",0.16,3.4,,,5.79,1.01,3,,924.48,,,longREF,1.13,,,1.93,0.34,53.13,,,70.64,35.62,"1,316.65",763.82,764.46,,,,,1.72,1.06,,,4.61,2.19,,,1.54,0.73,,,61.97,44.29
H09,#264,,1,0,longREF,1.2,OK,CNV,Unknown,Reference,ddPCR Supermix for Probes (no dUTP),FAM,24.07,,,1.92,0.69,14673,15,14658,2,13,15,"14,643.00",0.16,,,,,,,,820.36,,,,,,,,,,,,,,"3,501.87",240.1,243.43,,,,,1.54,0.92,,,,,,,,,,,,
A10,#265,2,1,0,HDR,No Call,CHECK,CNV,Unknown,Unknown,ddPCR Supermix for Probes (no dUTP),HEX,,,,,,14292,0,14292,0,0,0,"14,292.00",0,,,,,,,,,,,,,,,,,,,,,,0,687.86,687.86,,,,,,,,,,,,,,,,,,
A10,#265,2,1,0,longREF,No Call,CHECK,CNV,Unknown,Reference,ddPCR Supermix for Probes (no dUTP),FAM,,,,,,14292,0,14292,0,0,0,"14,292.00",0,,,,,,,,,,,,,,,,,,,,,,0,213.57,213.57,,,,,,,,,,,,,,,,,,
B10,#266,3,1,0,HDR,No Call,CHECK,CNV,Unknown,Unknown,ddPCR Supermix for Probes (no dUTP),HEX,,,,,,13828,0,13828,0,0,0,"13,828.00",0,,,,,,,,,,,,,,,,,,,,,,0,714.1,714.1,,,,,,,,,,,,,,,,,,
B10,#266,3,1,0,longREF,No Call,CHECK,CNV,Unknown,Reference,ddPCR Supermix for Probes (no dUTP),FAM,,,,,,13828,0,13828,0,0,0,"13,828.00",0,,,,,,,,,,,,,,,,,,,,,,0,226.25,226.25,,,,,,,,,,,,,,,,,,
C10,#267,2,1,0,HDR,43.04,OK,CNV,Unknown,Unknown,ddPCR Supermix for Probes (no dUTP),HEX,860.79,,,46.46,39.63,16981,610,16371,287,"1,295.00",323,"15,076.00",18.1,1.12,,,1.23,1.02,3,,943.36,,,longREF,0.37,,,0.41,0.34,27.22,,,29.08,25.37,"1,399.15",744.61,768.12,,,,,44.78,41.3,,,1.18,1.07,,,0.39,0.36,,,28.17,26.28
C10,#267,2,1,0,longREF,115.05,OK,CNV,Unknown,Reference,ddPCR Supermix for Probes (no dUTP),FAM,"2,301.00",,,120.74,109.39,16981,1582,15399,287,"1,295.00",323,"15,076.00",18.1,,,,,,,,888.14,,,,,,,,,,,,,,"3,114.37",235.55,503.75,,,,,117.95,112.16,,,,,,,,,,,,
D10,#268,2,1,0,HDR,No Call,CHECK,CNV,Unknown,Unknown,ddPCR Supermix for Probes (no dUTP),HEX,,,,,,14677,0,14677,0,0,0,"14,677.00",0,,,,,,,,,,,,,,,,,,,,,,0,698.84,698.84,,,,,,,,,,,,,,,,,,
D10,#268,2,1,0,longREF,No Call,CHECK,CNV,Unknown,Reference,ddPCR Supermix for Probes (no dUTP),FAM,,,,,,14677,0,14677,0,0,0,"14,677.00",0,,,,,,,,,,,,,,,,,,,,,,0,225.24,225.24,,,,,,,,,,,,,,,,,,
E10,#269,2,1,0,HDR,No Call,CHECK,CNV,Unknown,Unknown,ddPCR Supermix for Probes (no dUTP),HEX,,,,,,13089,0,13089,0,0,0,"13,089.00",0,,,,,,,,,,,,,,,,,,,,,,0,687.47,687.47,,,,,,,,,,,,,,,,,,
E10,#269,2,1,0,longREF,No Call,CHECK,CNV,Unknown,Reference,ddPCR Supermix for Probes (no dUTP),FAM,,,,,,13089,0,13089,0,0,0,"13,089.00",0,,,,,,,,,,,,,,,,,,,,,,0,222.94,222.94,,,,,,,,,,,,,,,,,,
F10,#270,,,0,HDR,No Call,CHECK,CNV,Unknown,Unknown,ddPCR Supermix for Probes (no dUTP),HEX,,,,,,14229,0,14229,0,0,0,"14,229.00",0,,,,,,,,,,,,,,,,,,,,,,0,758.06,758.06,,,,,,,,,,,,,,,,,,
F10,#270,,,0,longREF,No Call,CHECK,CNV,Unknown,Reference,ddPCR Supermix for Probes (no dUTP),FAM,,,,,,14229,0,14229,0,0,0,"14,229.00",0,,,,,,,,,,,,,,,,,,,,,,0,239.22,239.22,,,,,,,,,,,,,,,,,,
G10,#271,1,1,1,HDR,No Call,CHECK,CNV,Unknown,Unknown,ddPCR Supermix for Probes (no dUTP),HEX,,,,,,14667,0,14667,0,0,0,"14,667.00",0,,,,,,,,,,,,,,,,,,,,,,0,726.89,726.89,,,,,,,,,,,,,,,,,,
G10,#271,1,1,1,longREF,No Call,CHECK,CNV,Unknown,Reference,ddPCR Supermix for Probes (no dUTP),FAM,,,,,,14667,0,14667,0,0,0,"14,667.00",0,,,,,,,,,,,,,,,,,,,,,,0,236.6,236.6,,,,,,,,,,,,,,,,,,
H10,#272,1,1,1,HDR,318.01,OK,CNV,Unknown,Unknown,ddPCR Supermix for Probes (no dUTP),HEX,"6,360.16",,,328.6,307.51,14853,3518,11335,"2,169.00","1,275.00","1,349.00","10,060.00",169.97,3.07,,,3.22,2.93,3,,"1,002.90",,,longREF,1.02,,,1.07,0.98,50.61,,,51.79,49.43,"1,518.42",770.31,947.51,,,,,323.4,312.64,,,3.15,3,,,1.05,1,,,51.21,50.01
H10,#272,1,1,1,longREF,310.35,OK,CNV,Unknown,Reference,ddPCR Supermix for Probes (no dUTP),FAM,"6,207.04",,,320.79,300,14853,3444,11409,"2,169.00","1,275.00","1,349.00","10,060.00",169.97,,,,,,,,947.12,,,,,,,,,,,,,,"3,244.20",244.23,939.84,,,,,315.67,305.06,,,,,,,,,,,,
A11,#273,1,1,0,HDR,4.95,OK,CNV,Unknown,Unknown,ddPCR Supermix for Probes (no dUTP),HEX,99.02,,,6.2,3.88,16907,71,16836,0,110,71,"16,726.00",0,1.93,,,2.51,1.36,3,,,,,longREF,0.64,,,0.84,0.45,39.2,,,46.33,32.07,"1,627.32",718.75,722.57,,,,,5.56,4.39,,,2.23,1.64,,,0.74,0.55,,,42.82,35.57
A11,#273,1,1,0,longREF,7.68,OK,CNV,Unknown,Reference,ddPCR Supermix for Probes (no dUTP),FAM,153.59,,,9.12,6.25,16907,110,16797,0,110,71,"16,726.00",0,,,,,,,,800.43,,,,,,,,,,,,,,"3,256.94",217.94,237.71,,,,,8.41,6.95,,,,,,,,,,,,
B11,#274,1,1,1,HDR,No Call,CHECK,CNV,Unknown,Unknown,ddPCR Supermix for Probes (no dUTP),HEX,,,,,,14437,0,14437,0,0,0,"14,437.00",0,,,,,,,,,,,,,,,,,,,,,,0,678.24,678.24,,,,,,,,,,,,,,,,,,
B11,#274,1,1,1,longREF,No Call,CHECK,CNV,Unknown,Reference,ddPCR Supermix for Probes (no dUTP),FAM,,,,,,14437,0,14437,0,0,0,"14,437.00",0,,,,,,,,,,,,,,,,,,,,,,0,216.09,216.09,,,,,,,,,,,,,,,,,,
C11,#275,3,1,0,HDR,136.69,OK,CNV,Unknown,Unknown,ddPCR Supermix for Probes (no dUTP),HEX,"2,733.75",,,142.96,130.44,16720,1834,14886,423,807,"1,411.00","14,079.00",24.32,4.56,,,4.89,4.23,3,,968.22,,,longREF,1.52,,,1.63,1.41,60.33,,,62.06,58.6,"1,572.90",727.91,820.59,,,,,139.89,133.5,,,4.73,4.39,,,1.58,1.46,,,61.21,59.44
C11,#275,3,1,0,longREF,89.9,OK,CNV,Unknown,Reference,ddPCR Supermix for Probes (no dUTP),FAM,"1,797.90",,,94.93,84.88,16720,1230,15490,423,807,"1,411.00","14,079.00",24.32,,,,,,,,916.32,,,,,,,,,,,,,,"3,492.87",230.37,470.37,,,,,92.46,87.33,,,,,,,,,,,,
D11,#276,1,1,1,HDR,No Call,CHECK,CNV,Unknown,Unknown,ddPCR Supermix for Probes (no dUTP),HEX,,,,,,13930,0,13930,0,0,0,"13,930.00",0,,,,,,,,,,,,,,,,,,,,,,0,661.3,661.3,,,,,,,,,,,,,,,,,,
D11,#276,1,1,1,longREF,No Call,CHECK,CNV,Unknown,Reference,ddPCR Supermix for Probes (no dUTP),FAM,,,,,,13930,0,13930,0,0,0,"13,930.00",0,,,,,,,,,,,,,,,,,,,,,,0,213.87,213.87,,,,,,,,,,,,,,,,,,
E11,#277,1,1,0,HDR,22.55,OK,CNV,Unknown,Unknown,ddPCR Supermix for Probes (no dUTP),HEX,451.05,,,25,20.11,17275,328,16947,146,155,182,"16,792.00",9.87,3.27,,,3.78,2.76,3,,942.09,,,longREF,1.09,,,1.26,0.92,52.17,,,56.07,48.26,"1,435.25",741.66,754.83,,,,,23.8,21.31,,,3.53,3.01,,,1.18,1,,,54.16,50.17
E11,#277,1,1,0,longREF,20.68,OK,CNV,Unknown,Reference,ddPCR Supermix for Probes (no dUTP),FAM,413.59,,,23.02,18.35,17275,301,16974,146,155,182,"16,792.00",9.87,,,,,,,,790.39,,,,,,,,,,,,,,"3,010.00",234,282.37,,,,,21.87,19.49,,,,,,,,,,,,
F11,#278,3,1,0,HDR,199.79,OK,CNV,Unknown,Unknown,ddPCR Supermix for Probes (no dUTP),HEX,"3,995.75",,,207.6,192.03,16231,2535,13696,"1,472.00","2,395.00","1,063.00","11,301.00",94.03,1.87,,,1.97,1.78,3,,988.99,,,longREF,0.62,,,0.66,0.59,38.42,,,39.61,37.24,"1,564.27",754.1,880.64,,,,,203.77,195.82,,,1.92,1.82,,,0.64,0.61,,,39.03,37.82
F11,#278,3,1,0,longREF,320.16,OK,CNV,Unknown,Reference,ddPCR Supermix for Probes (no dUTP),FAM,"6,403.15",,,330.32,310.08,16231,3867,12364,"1,472.00","2,395.00","1,063.00","11,301.00",94.03,,,,,,,,996.49,,,,,,,,,,,,,,"3,627.40",240.49,"1,047.42",,,,,325.33,315,,,,,,,,,,,,
G11,#279,2,1,0,HDR,141,OK,CNV,Unknown,Unknown,ddPCR Supermix for Probes (no dUTP),HEX,"2,819.99",,,147.5,134.53,16105,1819,14286,"1,262.00","3,579.00",557,"10,707.00",81.34,1.01,,,1.06,0.95,3,,978.3,,,longREF,0.34,,,0.35,0.32,25.11,,,26.12,24.09,"1,568.92",745.63,838.62,,,,,144.31,137.7,,,1.03,0.98,,,0.34,0.33,,,25.62,24.59
G11,#279,2,1,0,longREF,420.61,OK,CNV,Unknown,Reference,ddPCR Supermix for Probes (no dUTP),FAM,"8,412.19",,,432.58,408.76,16105,4841,11264,"1,262.00","3,579.00",557,"10,707.00",81.34,,,,,,,,"1,028.18",,,,,,,,,,,,,,"3,831.03",237.84,"1,317.91",,,,,426.7,414.55,,,,,,,,,,,,
H11,#280,1,1,1,HDR,3.38,OK,CNV,Unknown,Unknown,ddPCR Supermix for Probes (no dUTP),HEX,67.51,,,4.54,2.43,13961,40,13921,18,37,22,"13,884.00",1.51,2.18,,,3.07,1.29,3,,870.76,,,longREF,0.73,,,1.02,0.43,42.09,,,52.08,32.1,"1,264.73",733.09,734.61,,,,,3.94,2.87,,,2.63,1.73,,,0.88,0.58,,,47.15,37.03
H11,#280,1,1,1,longREF,4.64,OK,CNV,Unknown,Reference,ddPCR Supermix for Probes (no dUTP),FAM,92.88,,,5.99,3.52,13961,55,13906,18,37,22,"13,884.00",1.51,,,,,,,,782.52,,,,,,,,,,,,,,"3,251.66",231.37,243.27,,,,,5.3,4.05,,,,,,,,,,,,
A12,HK-wt_bio2_a,ctrl,,0,HDR,No Call,CHECK,CNV,Unknown,Unknown,ddPCR Supermix for Probes (no dUTP),HEX,,,,,,14491,0,14491,0,372,0,"14,119.00",0,,,,,,,,,,,,,,,,,,,,,,0,729.03,729.03,,,,,,,,,,,,,,,,,,
A12,HK-wt_bio2_a,ctrl,,0,longREF,30.6,OK,CNV,Unknown,Reference,ddPCR Supermix for Probes (no dUTP),FAM,611.91,,,33.71,27.49,14491,372,14119,0,372,0,"14,119.00",0,,,,,,,,964.32,,,,,,,,,,,,,,"4,113.68",222.33,322.22,,,,,32.18,29.01,,,,,,,,,,,,
H12,NTC,ctrl,1,0,HDR,No Call,CHECK,CNV,Unknown,Unknown,ddPCR Supermix for Probes (no dUTP),HEX,,,,,,12727,0,12727,0,0,0,"12,727.00",0,,,,,,,,,,,,,,,,,,,,,,0,737.51,737.51,,,,,,,,,,,,,,,,,,
H12,NTC,ctrl,1,0,longREF,No Call,CHECK,CNV,Unknown,Reference,ddPCR Supermix for Probes (no dUTP),FAM,,,,,,12727,0,12727,0,0,0,"12,727.00",0,,,,,,,,,,,,,,,,,,,,,,0,232.58,232.58,,,,,,,,,,,,,,,,,,
G12,Nup62#199_bio2_a,ctrl,1,0,HDR,No Call,CHECK,CNV,Unknown,Unknown,ddPCR Supermix for Probes (no dUTP),HEX,,,,,,14364,0,14364,0,112,0,"14,252.00",0,,,,,,,,,,,,,,,,,,,,,,0,732.58,732.58,,,,,,,,,,,,,,,,,,
G12,Nup62#199_bio2_a,ctrl,1,0,longREF,9.21,OK,CNV,Unknown,Reference,ddPCR Supermix for Probes (no dUTP),FAM,184.18,,,10.92,7.5,14364,112,14252,0,112,0,"14,252.00",0,,,,,,,,930.82,,,,,,,,,,,,,,"3,963.71",231.98,261.07,,,,,10.08,8.34,,,,,,,,,,,,
F12,Nup93#214_bio2_a,ctrl,1,0,HDR,5.96,OK,CNV,Unknown,Unknown,ddPCR Supermix for Probes (no dUTP),HEX,119.27,,,7.53,4.63,13053,66,12987,13,90,53,"12,897.00",1.14,1.92,,,2.51,1.32,3,,917.23,,,longREF,0.64,,,0.84,0.44,39.02,,,46.4,31.64,"1,716.88",759.31,764.15,,,,,6.73,5.26,,,2.22,1.62,,,0.74,0.54,,,42.77,35.27
F12,Nup93#214_bio2_a,ctrl,1,0,longREF,9.32,OK,CNV,Unknown,Reference,ddPCR Supermix for Probes (no dUTP),FAM,186.4,,,11.12,7.52,13053,103,12950,13,90,53,"12,897.00",1.14,,,,,,,,936.79,,,,,,,,,,,,,,"4,072.88",241.84,272.07,,,,,10.24,8.4,,,,,,,,,,,,
B12,Nup93#38_bio2_a,ctrl,1,0,HDR,113.27,OK,CNV,Unknown,Unknown,ddPCR Supermix for Probes (no dUTP),HEX,"2,265.44",,,119.22,107.35,15252,1400,13852,645,861,755,"12,991.00",46.81,2.78,,,2.98,2.58,3,,999.76,,,longREF,0.93,,,0.99,0.86,48.08,,,49.9,46.26,"1,694.67",744.07,831.33,,,,,116.3,110.25,,,2.88,2.68,,,0.96,0.89,,,49.01,47.15
B12,Nup93#38_bio2_a,ctrl,1,0,longREF,122.31,OK,CNV,Unknown,Reference,ddPCR Supermix for Probes (no dUTP),FAM,"2,446.18",,,128.51,116.15,15252,1506,13746,645,861,755,"12,991.00",46.81,,,,,,,,995.58,,,,,,,,,,,,,,"3,809.50",232.93,586.09,,,,,125.47,119.16,,,,,,,,,,,,
C12,Nup93#70_bio2_a,ctrl,1,0,HDR,14.43,OK,CNV,Unknown,Unknown,ddPCR Supermix for Probes (no dUTP),HEX,288.62,,,16.6,12.26,13944,170,13774,30,138,140,"13,636.00",2.41,3.04,,,3.68,2.39,3,,987.65,,,longREF,1.01,,,1.23,0.8,50.3,,,55.63,44.97,"1,787.26",738.25,751.04,,,,,15.54,13.32,,,3.37,2.71,,,1.12,0.9,,,53.02,47.58
C12,Nup93#70_bio2_a,ctrl,1,0,longREF,14.26,OK,CNV,Unknown,Reference,ddPCR Supermix for Probes (no dUTP),FAM,285.21,,,16.42,12.11,13944,168,13776,30,138,140,"13,636.00",2.41,,,,,,,,941.18,,,,,,,,,,,,,,"4,060.53",232.64,278.76,,,,,15.36,13.16,,,,,,,,,,,,
D12,Nup93#79_bio2_a,ctrl,1,0,HDR,8.61,OK,CNV,Unknown,Unknown,ddPCR Supermix for Probes (no dUTP),HEX,172.23,,,10.21,7.02,15357,112,15245,23,101,89,"15,144.00",1.72,2.71,,,3.4,2.02,3,,973.74,,,longREF,0.9,,,1.13,0.67,47.45,,,53.82,41.08,"1,806.02",751.86,759.55,,,,,9.43,7.8,,,3.06,2.36,,,1.02,0.79,,,50.7,44.2
D12,Nup93#79_bio2_a,ctrl,1,0,longREF,9.54,OK,CNV,Unknown,Reference,ddPCR Supermix for Probes (no dUTP),FAM,190.76,,,11.22,7.86,15357,124,15233,23,101,89,"15,144.00",1.72,,,,,,,,951.84,,,,,,,,,,,,,,"3,915.49",237.2,266.9,,,,,10.39,8.68,,,,,,,,,,,,
E12,Nup93#92_bio2_a,ctrl,1,0,HDR,9.99,OK,CNV,Unknown,Unknown,ddPCR Supermix for Probes (no dUTP),HEX,199.71,,,11.8,8.18,13843,117,13726,18,100,99,"13,626.00",1.47,2.97,,,3.74,2.21,3,,"1,003.79",,,longREF,0.99,,,1.25,0.74,49.79,,,56.18,43.39,"1,765.26",750.12,758.7,,,,,10.91,9.06,,,3.36,2.59,,,1.12,0.86,,,53.05,46.52
E12,Nup93#92_bio2_a,ctrl,1,0,longREF,10.07,OK,CNV,Unknown,Reference,ddPCR Supermix for Probes (no dUTP),FAM,201.43,,,11.89,8.26,13843,118,13725,18,100,99,"13,626.00",1.47,,,,,,,,877.8,,,,,,,,,,,,,,"3,989.56",237.29,269.28,,,,,11,9.14,,,,,,,,,,,,
